ID;TableID;ExplicitName;InferredName;ExplicitDataType;InferredDataType;DataCategory;Description;IsHidden;State;IsUnique;IsKey;IsNullable;Alignment;TableDetailPosition;IsDefaultLabel;IsDefaultImage;SummarizeBy;ColumnStorageID;Type;SourceColumn;ColumnOriginID;Expression;FormatString;IsAvailableInMDX;SortByColumnID;AttributeHierarchyID;ModifiedTime;StructureModifiedTime;RefreshedTime;SystemFlags;KeepUniqueRows;DisplayOrdinal;ErrorMessage;SourceProviderType;DisplayFolder;EncodingHint;RelatedColumnDetailsID;AlternateOfID;LineageTag;SourceLineageTag
11;10;"RowNumber-2662979B-1795-4F74-8F37-6A1BA8059B61";"";6;19;"";"";True;1;True;True;False;1;-1;False;False;1;596;3;"";;"";"";True;;12;2025-09-26 08:28:53,430;2025-09-26 08:28:53,426;1699-12-31 00:00:00,000;0;False;0;"";"";"";0;;;"";""
59;10;"CustomerID";"";6;19;"";"";False;1;False;False;True;1;-1;False;False;2;648;1;"CustomerID";;"";"0";True;;445;2025-09-26 08:28:53,426;2025-09-26 08:28:53,426;1699-12-31 00:00:00,000;0;False;0;"";"";"";0;;;"ec329a16-8890-48d2-a75a-c86c73055c57";""
60;10;"Country";"";2;19;"";"";False;1;False;False;True;1;-1;False;False;2;652;1;"Country";;"";"";True;;446;2025-09-26 08:28:53,426;2025-09-26 08:28:53,426;1699-12-31 00:00:00,000;0;False;0;"";"";"";0;;;"9e0bb5bf-9976-43d7-a2ba-41ab84066618";""
61;10;"FirstPurchase";"";9;19;"";"";False;1;False;False;True;1;-1;False;False;2;656;1;"FirstPurchase";;"";"General Date";True;;447;2025-09-26 08:28:53,426;2025-09-26 08:28:53,426;1699-12-31 00:00:00,000;0;False;0;"";"";"";0;;;"7ee43c1d-20f8-49f8-870c-cf608189eff9";""
62;10;"LastPurchase";"";9;19;"";"";False;1;False;False;True;1;-1;False;False;2;660;1;"LastPurchase";;"";"General Date";True;;448;2025-09-26 08:28:53,426;2025-09-26 08:28:53,426;1699-12-31 00:00:00,000;0;False;0;"";"";"";0;;;"1d09f8d0-1845-448d-bf31-62ccf43155e5";""
63;10;"TotalTransactions";"";6;19;"";"";False;1;False;False;True;1;-1;False;False;3;664;1;"TotalTransactions";;"";"0";True;;449;2025-09-26 08:28:53,426;2025-09-26 08:28:53,426;1699-12-31 00:00:00,000;0;False;0;"";"";"";0;;;"3107fcee-6911-4c23-b2c9-965929023675";""
64;10;"TotalSpent";"";8;19;"";"";False;1;False;False;True;1;-1;False;False;3;668;1;"TotalSpent";;"";"""£""#,0.00;-""£""#,0.00;""£""#,0.00";True;;450;2025-09-26 08:28:53,426;2025-09-26 08:28:53,426;1699-12-31 00:00:00,000;0;False;0;"";"";"";0;;;"935c17bf-8e4c-45c2-b32b-c16a2da122e3";""
65;10;"CustomerKey";"";6;19;"";"";True;1;False;False;True;1;-1;False;False;2;672;1;"CustomerKey";;"";"0";True;;451;2025-09-26 08:28:53,426;2025-09-26 08:28:53,426;1699-12-31 00:00:00,000;0;False;0;"";"";"";0;;;"9d3eb8ee-3fca-4481-815b-28913457eb7f";""
66;10;"CustomerType";"";2;19;"";"";False;1;False;False;True;1;-1;False;False;2;676;1;"CustomerType";;"";"";True;;452;2025-09-26 08:28:53,426;2025-09-26 08:28:53,426;1699-12-31 00:00:00,000;0;False;0;"";"";"";0;;;"2f2ca987-78b8-43ae-89f6-20265f8d6106";""
67;10;"IsUK";"";6;19;"";"";False;1;False;False;True;1;-1;False;False;2;680;1;"IsUK";;"";"0";True;;453;2025-09-26 08:28:53,426;2025-09-26 08:28:53,426;1699-12-31 00:00:00,000;0;False;0;"";"";"";0;;;"e6e9413a-2301-43a4-8a43-284f7fbd3e25";""
14;13;"RowNumber-2662979B-1795-4F74-8F37-6A1BA8059B61";"";6;19;"";"";True;1;True;True;False;1;-1;False;False;1;600;3;"";;"";"";True;;15;2025-09-26 08:28:53,430;2025-09-26 08:28:53,426;1699-12-31 00:00:00,000;2;False;0;"";"";"";0;;;"";""
68;13;"";"Date";9;9;"PaddedDateTableDates";"";True;1;False;False;True;1;-1;False;False;2;684;4;"[Date]";;"";"";True;;454;2025-09-26 08:28:56,496;2025-09-26 08:28:53,426;1699-12-31 00:00:00,000;2;False;0;"";"";"";0;;;"761b1442-0c69-4cd5-abc7-5976499b606b";""
69;13;"Year";"";6;6;"Years";"";True;1;False;False;True;1;-1;False;False;2;688;2;"";;"YEAR([Date])";"";True;;455;2025-09-26 08:28:56,503;2025-09-26 08:28:53,426;2025-09-26 08:28:56,503;2;False;0;"";"";"";0;;;"4e7f8571-963a-4b45-a356-87c4f92dfec7";""
70;13;"MonthNo";"";6;6;"MonthOfYear";"";True;1;False;False;True;1;-1;False;False;2;692;2;"";;"MONTH([Date])";"";True;;456;2025-09-26 08:28:56,550;2025-09-26 08:28:53,426;2025-09-26 08:28:56,550;2;False;0;"";"";"";0;;;"044bcf9d-32f6-4483-8b02-6a245198efa9";""
71;13;"Month";"";2;2;"Months";"";True;1;False;False;True;1;-1;False;False;2;696;2;"";;"FORMAT([Date], ""MMMM"")";"";True;70;457;2025-09-26 08:28:56,503;2025-09-26 08:28:53,426;2025-09-26 08:28:56,503;2;False;0;"";"";"";0;;;"259be702-9aeb-429c-a33a-65bde5914196";""
72;13;"QuarterNo";"";6;6;"QuarterOfYear";"";True;1;False;False;True;1;-1;False;False;2;700;2;"";;"INT(([MonthNo] + 2) / 3)";"";True;;458;2025-09-26 08:28:56,550;2025-09-26 08:28:53,426;2025-09-26 08:28:56,550;2;False;0;"";"";"";0;;;"2e608ad0-7ed6-4957-8f59-778b8857fa79";""
73;13;"Quarter";"";2;2;"Quarters";"";True;1;False;False;True;1;-1;False;False;2;704;2;"";;"""Qtr "" & [QuarterNo]";"";True;72;459;2025-09-26 08:28:56,550;2025-09-26 08:28:53,426;2025-09-26 08:28:56,550;2;False;0;"";"";"";0;;;"99df18e0-0fce-4173-81f7-4246af582b0a";""
74;13;"Day";"";6;6;"DayOfMonth";"";True;1;False;False;True;1;-1;False;False;2;708;2;"";;"DAY([Date])";"";True;;460;2025-09-26 08:28:56,503;2025-09-26 08:28:53,426;2025-09-26 08:28:56,503;2;False;0;"";"";"";0;;;"ff6e495d-046d-4078-9c9d-f663d9600e7a";""
17;16;"RowNumber-2662979B-1795-4F74-8F37-6A1BA8059B61";"";6;19;"";"";True;1;True;True;False;1;-1;False;False;1;604;3;"";;"";"";True;;18;2025-10-07 11:58:30,526;2025-09-26 08:28:53,426;1699-12-31 00:00:00,000;2;False;0;"";"";"";0;;;"";""
75;16;"";"Date";9;9;"PaddedDateTableDates";"";True;1;False;False;True;1;-1;False;False;2;712;4;"[Date]";;"";"";True;;461;2025-10-07 11:58:30,526;2025-09-26 08:28:53,426;1699-12-31 00:00:00,000;2;False;0;"";"";"";0;;;"465c6e19-6d75-4fb0-8f35-63bcc51792d7";""
76;16;"Year";"";6;6;"Years";"";True;1;False;False;True;1;-1;False;False;2;716;2;"";;"YEAR([Date])";"";True;;462;2025-10-07 11:58:30,533;2025-09-26 08:28:53,426;2025-10-07 11:58:30,533;2;False;0;"";"";"";0;;;"1ff3e684-1ecf-4a64-b1ce-bab1746670f0";""
77;16;"MonthNo";"";6;6;"MonthOfYear";"";True;1;False;False;True;1;-1;False;False;2;720;2;"";;"MONTH([Date])";"";True;;463;2025-10-07 11:58:30,530;2025-09-26 08:28:53,426;2025-10-07 11:58:30,530;2;False;0;"";"";"";0;;;"69120927-da37-4831-858b-3be154c30727";""
78;16;"Month";"";2;2;"Months";"";True;1;False;False;True;1;-1;False;False;2;724;2;"";;"FORMAT([Date], ""MMMM"")";"";True;77;464;2025-10-07 11:58:30,543;2025-09-26 08:28:53,426;2025-10-07 11:58:30,543;2;False;0;"";"";"";0;;;"6309759b-35c3-4980-96be-44bf72425f41";""
79;16;"QuarterNo";"";6;6;"QuarterOfYear";"";True;1;False;False;True;1;-1;False;False;2;728;2;"";;"INT(([MonthNo] + 2) / 3)";"";True;;465;2025-10-07 11:58:30,533;2025-09-26 08:28:53,426;2025-10-07 11:58:30,533;2;False;0;"";"";"";0;;;"265db30b-6fef-43a7-8375-34359d271ca9";""
80;16;"Quarter";"";2;2;"Quarters";"";True;1;False;False;True;1;-1;False;False;2;732;2;"";;"""Qtr "" & [QuarterNo]";"";True;79;466;2025-10-07 11:58:30,536;2025-09-26 08:28:53,426;2025-10-07 11:58:30,536;2;False;0;"";"";"";0;;;"ea23731a-5be1-43f4-94e7-aedafc54adf4";""
81;16;"Day";"";6;6;"DayOfMonth";"";True;1;False;False;True;1;-1;False;False;2;736;2;"";;"DAY([Date])";"";True;;467;2025-10-07 11:58:30,530;2025-09-26 08:28:53,426;2025-10-07 11:58:30,530;2;False;0;"";"";"";0;;;"52729566-5610-4f07-8c36-7915a136dbea";""
20;19;"RowNumber-2662979B-1795-4F74-8F37-6A1BA8059B61";"";6;19;"";"";True;1;True;True;False;1;-1;False;False;1;608;3;"";;"";"";True;;21;2025-10-07 11:58:30,476;2025-09-26 08:28:53,426;1699-12-31 00:00:00,000;2;False;0;"";"";"";0;;;"";""
82;19;"";"Date";9;9;"PaddedDateTableDates";"";True;1;False;False;True;1;-1;False;False;2;740;4;"[Date]";;"";"";True;;468;2025-10-07 11:58:30,476;2025-09-26 08:28:53,426;1699-12-31 00:00:00,000;2;False;0;"";"";"";0;;;"c249f018-3aa2-4b4d-ac3e-b2d9bbb91645";""
83;19;"Year";"";6;6;"Years";"";True;1;False;False;True;1;-1;False;False;2;744;2;"";;"YEAR([Date])";"";True;;469;2025-10-07 11:58:30,480;2025-09-26 08:28:53,426;2025-10-07 11:58:30,480;2;False;0;"";"";"";0;;;"bd1eeac6-f348-4cd8-ba41-1c4a2afaa51f";""
84;19;"MonthNo";"";6;6;"MonthOfYear";"";True;1;False;False;True;1;-1;False;False;2;748;2;"";;"MONTH([Date])";"";True;;470;2025-10-07 11:58:30,480;2025-09-26 08:28:53,426;2025-10-07 11:58:30,480;2;False;0;"";"";"";0;;;"137e7a4d-9009-4ee6-b7fb-2c73eae8c289";""
85;19;"Month";"";2;2;"Months";"";True;1;False;False;True;1;-1;False;False;2;752;2;"";;"FORMAT([Date], ""MMMM"")";"";True;84;471;2025-10-07 11:58:30,483;2025-09-26 08:28:53,426;2025-10-07 11:58:30,483;2;False;0;"";"";"";0;;;"1e6c6455-ccdf-479e-a307-f9b4785d2e1c";""
86;19;"QuarterNo";"";6;6;"QuarterOfYear";"";True;1;False;False;True;1;-1;False;False;2;756;2;"";;"INT(([MonthNo] + 2) / 3)";"";True;;472;2025-10-07 11:58:30,486;2025-09-26 08:28:53,426;2025-10-07 11:58:30,486;2;False;0;"";"";"";0;;;"0a8e54dc-3d14-4259-a839-def83435522a";""
87;19;"Quarter";"";2;2;"Quarters";"";True;1;False;False;True;1;-1;False;False;2;760;2;"";;"""Qtr "" & [QuarterNo]";"";True;86;473;2025-10-07 11:58:30,500;2025-09-26 08:28:53,426;2025-10-07 11:58:30,500;2;False;0;"";"";"";0;;;"c20874b3-3a96-4801-a4f5-419338531060";""
88;19;"Day";"";6;6;"DayOfMonth";"";True;1;False;False;True;1;-1;False;False;2;764;2;"";;"DAY([Date])";"";True;;474;2025-10-07 11:58:30,480;2025-09-26 08:28:53,426;2025-10-07 11:58:30,480;2;False;0;"";"";"";0;;;"de1883a8-91ef-42c9-9ab9-5f9c0ec9a490";""
23;22;"RowNumber-2662979B-1795-4F74-8F37-6A1BA8059B61";"";6;19;"";"";True;1;True;False;False;1;-1;False;False;1;612;3;"";;"";"";True;;24;2025-09-26 08:28:53,426;2025-09-26 08:28:53,426;1699-12-31 00:00:00,000;0;False;0;"";"";"";0;;;"";""
89;22;"DateKey";"";6;19;"";"";True;1;False;False;True;1;-1;False;False;2;768;1;"DateKey";;"";"0";True;;475;2025-09-26 08:28:53,426;2025-09-26 08:28:53,426;1699-12-31 00:00:00,000;0;False;0;"";"";"";0;;;"6c9de810-1126-463f-80fb-fbc15e77e307";""
90;22;"Date";"";9;19;"";"";False;1;False;True;True;1;-1;False;False;2;772;1;"Date";;"";"Short Date";True;;476;2025-09-26 08:28:53,426;2025-09-26 08:28:53,426;1699-12-31 00:00:00,000;0;False;0;"";"";"";0;;;"ff101c5a-8990-452f-8789-f3db04e42a8c";""
91;22;"Year";"";6;19;"";"";False;1;False;False;True;1;-1;False;False;2;776;1;"Year";;"";"0";True;;477;2025-09-26 08:28:53,426;2025-09-26 08:28:53,426;1699-12-31 00:00:00,000;0;False;0;"";"";"";0;;;"b8a692ae-9b91-4c49-940e-0fda318ae801";""
92;22;"Quarter";"";6;19;"";"";False;1;False;False;True;1;-1;False;False;2;780;1;"Quarter";;"";"0";True;;478;2025-09-26 08:28:53,426;2025-09-26 08:28:53,426;1699-12-31 00:00:00,000;0;False;0;"";"";"";0;;;"a0d1402a-a61b-4fd0-812f-057532e61bca";""
93;22;"Month";"";6;19;"";"";False;1;False;False;True;1;-1;False;False;2;784;1;"Month";;"";"0";True;;479;2025-09-26 08:28:53,426;2025-09-26 08:28:53,426;1699-12-31 00:00:00,000;0;False;0;"";"";"";0;;;"368e13d8-c526-4ba6-8097-8eedb77d6ab3";""
94;22;"MonthName";"";2;19;"";"";False;1;False;False;True;1;-1;False;False;2;788;1;"MonthName";;"";"";True;93;480;2025-09-26 08:28:53,426;2025-09-26 08:28:53,426;1699-12-31 00:00:00,000;0;False;0;"";"";"";0;;;"34eeb267-1b37-45de-8994-14b229d3667a";""
95;22;"DayOfYear";"";6;19;"";"";False;1;False;False;True;1;-1;False;False;2;792;1;"DayOfYear";;"";"0";True;;481;2025-09-26 08:28:53,426;2025-09-26 08:28:53,426;1699-12-31 00:00:00,000;0;False;0;"";"";"";0;;;"f63031c9-de20-4c92-843d-f11b427f95aa";""
96;22;"DayOfMonth";"";6;19;"";"";False;1;False;False;True;1;-1;False;False;2;796;1;"DayOfMonth";;"";"0";True;;482;2025-09-26 08:28:53,426;2025-09-26 08:28:53,426;1699-12-31 00:00:00,000;0;False;0;"";"";"";0;;;"d6cad419-8512-4cd6-a74e-ca0d7fc6a506";""
97;22;"DayOfWeek";"";6;19;"";"";False;1;False;False;True;1;-1;False;False;2;800;1;"DayOfWeek";;"";"0";True;;483;2025-09-26 08:28:53,426;2025-09-26 08:28:53,426;1699-12-31 00:00:00,000;0;False;0;"";"";"";0;;;"bf4ccc0b-ad57-4cb2-ab21-041a74f4970a";""
98;22;"DayName";"";2;19;"";"";False;1;False;False;True;1;-1;False;False;2;804;1;"DayName";;"";"";True;;484;2025-09-26 08:28:53,426;2025-09-26 08:28:53,426;1699-12-31 00:00:00,000;0;False;0;"";"";"";0;;;"3fd6e4fc-dbf8-4383-84a7-c466df7c6e8c";""
99;22;"IsWeekend";"";6;19;"";"";False;1;False;False;True;1;-1;False;False;2;808;1;"IsWeekend";;"";"0";True;;485;2025-09-26 08:28:53,426;2025-09-26 08:28:53,426;1699-12-31 00:00:00,000;0;False;0;"";"";"";0;;;"a5d46c54-8842-4d39-a8b9-aead44b33b93";""
100;22;"IsBusinessDay";"";6;19;"";"";False;1;False;False;True;1;-1;False;False;2;812;1;"IsBusinessDay";;"";"0";True;;486;2025-09-26 08:28:53,426;2025-09-26 08:28:53,426;1699-12-31 00:00:00,000;0;False;0;"";"";"";0;;;"72290a10-a12e-4db2-b66b-7c60687bebe8";""
101;22;"Short Month";"";2;2;"";"";False;1;False;False;True;1;-1;False;False;2;816;2;"";;"FORMAT(dim_date[Date], ""mmm"")";"";True;93;487;2025-10-07 11:58:30,473;2025-09-26 08:28:53,426;2025-10-07 11:58:30,473;0;False;0;"";"";"";0;;;"7ae74c84-1ba3-4140-88e3-9dc5308af42e";""
102;22;"Short Day";"";1;2;"";"";False;1;False;False;True;1;-1;False;False;2;820;2;"";;"FORMAT(dim_date[Date], ""DDD"")";"";True;;488;2025-10-07 11:58:30,490;2025-09-26 08:28:53,426;2025-10-07 11:58:30,490;0;False;0;"";"";"";0;;;"e0059801-f6f8-448f-accc-8e6f38188bf2";""
103;22;"QuarterName";"";1;2;"";"";False;1;False;False;True;1;-1;False;False;2;824;2;"";;"""Q"" & dim_date[Quarter]";"";True;;489;2025-10-07 11:58:30,490;2025-09-26 08:28:53,426;2025-10-07 11:58:30,490;0;False;0;"";"";"";0;;;"760681bc-0bd2-45bb-b406-8f53884bdd8d";""
26;25;"RowNumber-2662979B-1795-4F74-8F37-6A1BA8059B61";"";6;19;"";"";True;1;True;True;False;1;-1;False;False;1;616;3;"";;"";"";True;;27;2025-09-26 08:28:53,430;2025-09-26 08:28:53,426;1699-12-31 00:00:00,000;0;False;0;"";"";"";0;;;"";""
104;25;"GeographyKey";"";6;19;"";"";True;1;False;False;True;1;-1;False;False;2;828;1;"GeographyKey";;"";"0";True;;490;2025-09-26 08:28:53,426;2025-09-26 08:28:53,426;1699-12-31 00:00:00,000;0;False;0;"";"";"";0;;;"20b9ad3b-8b88-4b56-9d89-216ae777ee4d";""
105;25;"Country";"";2;19;"";"";False;1;False;False;True;1;-1;False;False;2;832;1;"Country";;"";"";True;;491;2025-09-26 08:28:53,426;2025-09-26 08:28:53,426;1699-12-31 00:00:00,000;0;False;0;"";"";"";0;;;"d258b8e6-10ea-416b-93b1-ae2d034e0d3c";""
106;25;"IsUK";"";6;19;"";"";False;1;False;False;True;1;-1;False;False;2;836;1;"IsUK";;"";"0";True;;492;2025-09-26 08:40:06,046;2025-09-26 08:28:53,426;1699-12-31 00:00:00,000;0;False;0;"";"";"";0;;;"52f06333-e0c5-4035-b4f4-ae033c45854e";""
107;25;"CountryOriginal";"";2;19;"";"";False;1;False;False;True;1;-1;False;False;2;840;1;"CountryOriginal";;"";"";True;;493;2025-09-26 08:28:53,426;2025-09-26 08:28:53,426;1699-12-31 00:00:00,000;0;False;0;"";"";"";0;;;"25a0b184-5e0d-4a4a-b8b7-2db10d6e2071";""
108;25;"Country Group";"";1;2;"";"";False;1;False;False;True;1;-1;False;False;2;844;2;"";;"
VAR _country = dim_geography[Country]
RETURN
    IF(
        dim_geography[IsUK] = 1, ""UK"",
        SWITCH(
            _country,
            ""Netherlands"", ""Netherlands"",
            ""Ireland"", ""Ireland"",
            ""Germany"", ""Germany"",
            ""France"", ""France"",
            ""Australia"", ""Australia"",
            ""Others""
        )
    )";"";True;;494;2025-10-07 11:58:30,466;2025-09-26 08:28:53,426;2025-10-07 11:58:30,466;0;False;0;"";"";"";0;;;"81cbcb3f-da83-46cd-bca0-0004f0480f25";""
109;25;"Where are customers from";"";1;2;"";"";False;1;False;False;True;1;-1;False;False;2;848;2;"";;"IF([IsUK] = 1, ""Domestic (UK)"", ""International"")";"";True;;495;2025-10-07 11:58:30,463;2025-09-26 08:28:53,426;2025-10-07 11:58:30,463;0;False;0;"";"";"";0;;;"3f17d446-84a9-47de-bcae-da7caa290726";""
29;28;"RowNumber-2662979B-1795-4F74-8F37-6A1BA8059B61";"";6;19;"";"";True;1;True;True;False;1;-1;False;False;1;620;3;"";;"";"";True;;30;2025-09-26 08:28:53,430;2025-09-26 08:28:53,426;1699-12-31 00:00:00,000;0;False;0;"";"";"";0;;;"";""
110;28;"StockCode";"";2;19;"";"";False;1;False;False;True;1;-1;False;False;2;852;1;"StockCode";;"";"";True;;496;2025-09-26 08:28:53,426;2025-09-26 08:28:53,426;1699-12-31 00:00:00,000;0;False;0;"";"";"";0;;;"740be59d-0b80-4912-a712-22b81c525b46";""
111;28;"ProductName";"";2;19;"";"";False;1;False;False;True;1;-1;False;False;2;856;1;"ProductName";;"";"";True;;497;2025-09-26 08:28:53,426;2025-09-26 08:28:53,426;1699-12-31 00:00:00,000;0;False;0;"";"";"";0;;;"632912b7-c7aa-4aeb-8dce-a6b175c48503";""
112;28;"AveragePrice";"";8;19;"";"";False;1;False;False;True;1;-1;False;False;3;860;1;"AveragePrice";;"";"""£""#,0.00;-""£""#,0.00;""£""#,0.00";True;;498;2025-09-26 08:28:53,426;2025-09-26 08:28:53,426;1699-12-31 00:00:00,000;0;False;0;"";"";"";0;;;"3de11bfb-5424-49e6-a4fb-7c50cee24ce7";""
113;28;"TotalQuantitySold";"";6;19;"";"";False;1;False;False;True;1;-1;False;False;3;864;1;"TotalQuantitySold";;"";"0";True;;499;2025-09-26 08:28:53,426;2025-09-26 08:28:53,426;1699-12-31 00:00:00,000;0;False;0;"";"";"";0;;;"a92acd79-bced-4002-8d9d-05b1c623f14b";""
114;28;"FirstSaleDate";"";9;19;"";"";False;1;False;False;True;1;-1;False;False;2;868;1;"FirstSaleDate";;"";"General Date";True;;500;2025-09-26 08:28:53,426;2025-09-26 08:28:53,426;1699-12-31 00:00:00,000;0;False;0;"";"";"";0;;;"c5ccc7e0-6b32-4174-8869-a387c8b13bae";""
115;28;"LastSaleDate";"";9;19;"";"";False;1;False;False;True;1;-1;False;False;2;872;1;"LastSaleDate";;"";"General Date";True;;501;2025-09-26 08:28:53,426;2025-09-26 08:28:53,426;1699-12-31 00:00:00,000;0;False;0;"";"";"";0;;;"6eac2a51-4a23-4df7-be7c-6721c2c7cb01";""
116;28;"ProductKey";"";6;19;"";"";True;1;False;False;True;1;-1;False;False;2;876;1;"ProductKey";;"";"0";True;;502;2025-09-26 08:28:53,426;2025-09-26 08:28:53,426;1699-12-31 00:00:00,000;0;False;0;"";"";"";0;;;"e7b0b118-c16e-4e82-84a7-1e8fb5983275";""
32;31;"RowNumber-2662979B-1795-4F74-8F37-6A1BA8059B61";"";6;19;"";"";True;1;True;True;False;1;-1;False;False;1;624;3;"";;"";"";True;;33;2025-10-07 11:58:30,463;2025-09-26 08:28:53,426;1699-12-31 00:00:00,000;2;False;0;"";"";"";0;;;"";""
118;31;"";"Date";9;9;"PaddedDateTableDates";"";True;1;False;False;True;1;-1;False;False;2;884;4;"[Date]";;"";"";True;;504;2025-10-07 11:58:30,463;2025-09-26 08:28:53,426;1699-12-31 00:00:00,000;2;False;0;"";"";"";0;;;"2691b54f-c851-4c45-ad63-4bed3a641919";""
119;31;"Year";"";6;6;"Years";"";True;1;False;False;True;1;-1;False;False;2;888;2;"";;"YEAR([Date])";"";True;;505;2025-10-07 11:58:30,490;2025-09-26 08:28:53,426;2025-10-07 11:58:30,490;2;False;0;"";"";"";0;;;"3adf52f4-1774-4a73-b7e2-517c6b036aaf";""
120;31;"MonthNo";"";6;6;"MonthOfYear";"";True;1;False;False;True;1;-1;False;False;2;892;2;"";;"MONTH([Date])";"";True;;506;2025-10-07 11:58:30,470;2025-09-26 08:28:53,426;2025-10-07 11:58:30,470;2;False;0;"";"";"";0;;;"1b60e229-d1ba-4691-bcff-96b77d0de04c";""
121;31;"Month";"";2;2;"Months";"";True;1;False;False;True;1;-1;False;False;2;896;2;"";;"FORMAT([Date], ""MMMM"")";"";True;120;507;2025-10-07 11:58:30,503;2025-09-26 08:28:53,426;2025-10-07 11:58:30,503;2;False;0;"";"";"";0;;;"390a070c-fa35-4ed2-abbd-f8286c510903";""
122;31;"QuarterNo";"";6;6;"QuarterOfYear";"";True;1;False;False;True;1;-1;False;False;2;900;2;"";;"INT(([MonthNo] + 2) / 3)";"";True;;508;2025-10-07 11:58:30,480;2025-09-26 08:28:53,426;2025-10-07 11:58:30,480;2;False;0;"";"";"";0;;;"3cb57fe9-d373-4d59-9d6f-9e0ccf34fae3";""
123;31;"Quarter";"";2;2;"Quarters";"";True;1;False;False;True;1;-1;False;False;2;904;2;"";;"""Qtr "" & [QuarterNo]";"";True;122;509;2025-10-07 11:58:30,490;2025-09-26 08:28:53,426;2025-10-07 11:58:30,490;2;False;0;"";"";"";0;;;"f37ec60f-3396-41e5-9039-0678db9d009a";""
124;31;"Day";"";6;6;"DayOfMonth";"";True;1;False;False;True;1;-1;False;False;2;908;2;"";;"DAY([Date])";"";True;;510;2025-10-07 11:58:30,486;2025-09-26 08:28:53,426;2025-10-07 11:58:30,486;2;False;0;"";"";"";0;;;"06290c49-b85e-4510-b655-70189395b175";""
35;34;"RowNumber-2662979B-1795-4F74-8F37-6A1BA8059B61";"";6;19;"";"";True;1;True;True;False;1;-1;False;False;1;628;3;"";;"";"";True;;36;2025-10-07 11:58:30,463;2025-09-26 08:28:53,426;1699-12-31 00:00:00,000;2;False;0;"";"";"";0;;;"";""
125;34;"";"Date";9;9;"PaddedDateTableDates";"";True;1;False;False;True;1;-1;False;False;2;912;4;"[Date]";;"";"";True;;511;2025-10-07 11:58:30,463;2025-09-26 08:28:53,426;1699-12-31 00:00:00,000;2;False;0;"";"";"";0;;;"bf9023e5-b23f-4fb3-bcf8-5932079ff2d3";""
126;34;"Year";"";6;6;"Years";"";True;1;False;False;True;1;-1;False;False;2;916;2;"";;"YEAR([Date])";"";True;;512;2025-10-07 11:58:30,486;2025-09-26 08:28:53,426;2025-10-07 11:58:30,486;2;False;0;"";"";"";0;;;"baca82d3-43a1-4531-9132-d0dd4aa74a9f";""
127;34;"MonthNo";"";6;6;"MonthOfYear";"";True;1;False;False;True;1;-1;False;False;2;920;2;"";;"MONTH([Date])";"";True;;513;2025-10-07 11:58:30,490;2025-09-26 08:28:53,426;2025-10-07 11:58:30,490;2;False;0;"";"";"";0;;;"de490c36-58a4-407f-86bf-cb6fede534cb";""
128;34;"Month";"";2;2;"Months";"";True;1;False;False;True;1;-1;False;False;2;924;2;"";;"FORMAT([Date], ""MMMM"")";"";True;127;514;2025-10-07 11:58:30,490;2025-09-26 08:28:53,426;2025-10-07 11:58:30,490;2;False;0;"";"";"";0;;;"6cd97f95-775f-4b1c-98a5-55e9bdce6ac0";""
129;34;"QuarterNo";"";6;6;"QuarterOfYear";"";True;1;False;False;True;1;-1;False;False;2;928;2;"";;"INT(([MonthNo] + 2) / 3)";"";True;;515;2025-10-07 11:58:30,500;2025-09-26 08:28:53,426;2025-10-07 11:58:30,500;2;False;0;"";"";"";0;;;"0b374e40-2d9c-49ec-91c9-0cf919606c03";""
130;34;"Quarter";"";2;2;"Quarters";"";True;1;False;False;True;1;-1;False;False;2;932;2;"";;"""Qtr "" & [QuarterNo]";"";True;129;516;2025-10-07 11:58:30,530;2025-09-26 08:28:53,426;2025-10-07 11:58:30,530;2;False;0;"";"";"";0;;;"d3f3d68a-1798-4363-8822-1bc527270ec6";""
131;34;"Day";"";6;6;"DayOfMonth";"";True;1;False;False;True;1;-1;False;False;2;936;2;"";;"DAY([Date])";"";True;;517;2025-10-07 11:58:30,486;2025-09-26 08:28:53,426;2025-10-07 11:58:30,486;2;False;0;"";"";"";0;;;"dbb748f9-e1c4-4c5d-a73b-a418826875e5";""
38;37;"RowNumber-2662979B-1795-4F74-8F37-6A1BA8059B61";"";6;19;"";"";True;1;True;True;False;1;-1;False;False;1;632;3;"";;"";"";True;;39;2025-09-26 08:28:53,430;2025-09-26 08:28:53,426;1699-12-31 00:00:00,000;0;False;0;"";"";"";0;;;"";""
132;37;"InvoiceNumber";"";2;19;"";"";False;1;False;False;True;1;-1;False;False;2;940;1;"InvoiceNumber";;"";"";True;;518;2025-09-26 08:28:53,426;2025-09-26 08:28:53,426;1699-12-31 00:00:00,000;0;False;0;"";"";"";0;;;"3d72f234-25e6-4d95-9d25-84df9d431b78";""
133;37;"CustomerKey";"";6;19;"";"";True;1;False;False;True;1;-1;False;False;2;944;1;"CustomerKey";;"";"0";True;;519;2025-09-26 08:28:53,426;2025-09-26 08:28:53,426;1699-12-31 00:00:00,000;0;False;0;"";"";"";0;;;"d7e961b8-f585-44f5-8810-40c59818cfdb";""
134;37;"ProductKey";"";6;19;"";"";True;1;False;False;True;1;-1;False;False;2;948;1;"ProductKey";;"";"0";True;;520;2025-09-26 08:28:53,426;2025-09-26 08:28:53,426;1699-12-31 00:00:00,000;0;False;0;"";"";"";0;;;"07d7c24b-6f2f-4000-9bfc-ceafd5ce9e66";""
135;37;"DateKey";"";6;19;"";"";True;1;False;False;True;1;-1;False;False;2;952;1;"DateKey";;"";"0";True;;521;2025-09-26 08:28:53,426;2025-09-26 08:28:53,426;1699-12-31 00:00:00,000;0;False;0;"";"";"";0;;;"43cb5712-feb9-4be1-a706-7153c3627324";""
136;37;"GeographyKey";"";6;19;"";"";True;1;False;False;True;1;-1;False;False;2;956;1;"GeographyKey";;"";"0";True;;522;2025-09-26 08:28:53,426;2025-09-26 08:28:53,426;1699-12-31 00:00:00,000;0;False;0;"";"";"";0;;;"506fa14b-5867-4990-9358-9fece655ec9e";""
137;37;"Quantity";"";6;19;"";"";False;1;False;False;True;1;-1;False;False;3;960;1;"Quantity";;"";"0";True;;523;2025-09-26 08:28:53,426;2025-09-26 08:28:53,426;1699-12-31 00:00:00,000;0;False;0;"";"";"";0;;;"d4f7a704-f870-4d20-8247-7e70833c5b0f";""
138;37;"UnitPrice";"";8;19;"";"";False;1;False;False;True;1;-1;False;False;3;964;1;"UnitPrice";;"";"""£""#,0.00;-""£""#,0.00;""£""#,0.00";True;;524;2025-09-26 08:28:53,426;2025-09-26 08:28:53,426;1699-12-31 00:00:00,000;0;False;0;"";"";"";0;;;"1d971fe7-561f-49ec-9a2d-3f08b535dead";""
139;37;"TotalValue";"";8;19;"";"";False;1;False;False;True;1;-1;False;False;3;968;1;"TotalValue";;"";"""£""#,0.00;-""£""#,0.00;""£""#,0.00";True;;525;2025-09-26 08:28:53,426;2025-09-26 08:28:53,426;1699-12-31 00:00:00,000;0;False;0;"";"";"";0;;;"83b7ff66-05ac-4c80-bd73-09fda75feb65";""
41;40;"RowNumber-2662979B-1795-4F74-8F37-6A1BA8059B61";"";6;19;"";"";True;1;True;True;False;1;-1;False;False;1;636;3;"";;"";"";True;;42;2025-09-26 08:28:53,430;2025-09-26 08:28:53,426;1699-12-31 00:00:00,000;0;False;0;"";"";"";0;;;"";""
44;43;"RowNumber-2662979B-1795-4F74-8F37-6A1BA8059B61";"";6;19;"";"";True;1;True;True;False;1;-1;False;False;1;640;3;"";;"";"";True;;45;2025-09-26 08:28:53,430;2025-09-26 08:28:53,426;1699-12-31 00:00:00,000;2;False;0;"";"";"";0;;;"";""
140;43;"";"Category";1;2;"";"";False;1;False;False;True;1;-1;False;False;2;972;4;"[Category]";;"";"";True;141;526;2025-09-26 08:28:56,496;2025-09-26 08:28:53,426;1699-12-31 00:00:00,000;2;False;0;"";"";"";0;;;"3498cffb-3f58-44c5-a26a-dc5d3acb6851";""
141;43;"";"SortOrder";1;6;"";"";False;1;False;False;True;1;-1;False;False;2;976;4;"[SortOrder]";;"";"0";True;;527;2025-09-26 08:28:56,496;2025-09-26 08:28:53,426;1699-12-31 00:00:00,000;2;False;0;"";"";"";0;;;"5ef30da2-73fc-4896-b54c-902b2384f76a";""
47;46;"RowNumber-2662979B-1795-4F74-8F37-6A1BA8059B61";"";6;19;"";"";True;1;True;True;False;1;-1;False;False;1;644;3;"";;"";"";True;;48;2025-09-26 08:28:53,430;2025-09-26 08:28:53,426;1699-12-31 00:00:00,000;0;False;0;"";"";"";0;;;"";""
142;46;"CustomerTypeFilter";"";2;19;"";"";False;1;False;False;True;1;-1;False;False;2;980;1;"CustomerTypeFilter";;"";"";True;;528;2025-09-26 08:28:53,426;2025-09-26 08:28:53,426;1699-12-31 00:00:00,000;0;False;0;"";"";"";0;;;"257d3dd6-8602-414a-990b-c11be6c96c25";""
143;46;"SortOrder";"";6;19;"";"";False;1;False;False;True;1;-1;False;False;2;984;1;"SortOrder";;"";"0";True;;529;2025-09-26 08:28:53,426;2025-09-26 08:28:53,426;1699-12-31 00:00:00,000;0;False;0;"";"";"";0;;;"bd3915d4-eb4f-43ad-bb3c-c0ae7167211d";""
144;46;"Segment";"";1;2;"";"";False;1;False;False;True;1;-1;False;False;2;988;2;"";;"
    SWITCH(
        [CustomerTypeFilter],
        ""All Customers"", ""All Segments"",
        ""Registered Only"", ""Registered Customers"",
        ""Guest Only"", ""Guest Customers""
    )";"";True;;530;2025-10-07 11:58:30,483;2025-09-26 08:28:53,426;2025-10-07 11:58:30,483;0;False;0;"";"";"";0;;;"5c071a8e-aec9-420a-8d4b-a83efc07c056";""
4308;4307;"RowNumber-2662979B-1795-4F74-8F37-6A1BA8059B61";"";6;19;"";"";True;1;True;True;False;1;-1;False;False;1;4453;3;"";;"";"";True;;4309;2025-09-26 08:39:30,606;2025-09-26 08:39:30,603;1699-12-31 00:00:00,000;0;False;0;"";"";"";0;;;"";""
4318;4307;"Invoice";"";2;19;"";"";False;1;False;False;True;1;-1;False;False;2;4465;1;"Invoice";;"";"";True;;4410;2025-09-26 08:39:30,603;2025-09-26 08:39:30,603;1699-12-31 00:00:00,000;0;False;0;"";"";"";0;;;"5cef655a-799d-4070-812e-a88ab7bcb8b5";""
4319;4307;"StockCode";"";2;19;"";"";False;1;False;False;True;1;-1;False;False;2;4469;1;"StockCode";;"";"";True;;4411;2025-09-26 08:39:30,603;2025-09-26 08:39:30,603;1699-12-31 00:00:00,000;0;False;0;"";"";"";0;;;"95f7d369-2af0-47b3-a88a-4269d9889b1a";""
4320;4307;"Description";"";2;19;"";"";False;1;False;False;True;1;-1;False;False;2;4473;1;"Description";;"";"";True;;4412;2025-09-26 08:39:30,603;2025-09-26 08:39:30,603;1699-12-31 00:00:00,000;0;False;0;"";"";"";0;;;"45378875-5565-4a09-a716-e99229e92e7e";""
4321;4307;"Quantity";"";6;19;"";"";False;1;False;False;True;1;-1;False;False;3;4477;1;"Quantity";;"";"0";True;;4413;2025-09-26 08:39:30,603;2025-09-26 08:39:30,603;1699-12-31 00:00:00,000;0;False;0;"";"";"";0;;;"98fefcdb-2e35-452b-95f2-6100f4534dde";""
4322;4307;"InvoiceDate";"";9;19;"";"";False;1;False;False;True;1;-1;False;False;2;4481;1;"InvoiceDate";;"";"General Date";True;;4414;2025-09-26 08:39:30,603;2025-09-26 08:39:30,603;1699-12-31 00:00:00,000;0;False;0;"";"";"";0;;;"dade8dca-463e-4fec-9490-78f44adc8d9b";""
4330;4307;"Price";"";8;19;"";"";False;1;False;False;True;1;-1;False;False;3;4513;1;"Price";;"";"";True;;4422;2025-09-26 08:39:30,603;2025-09-26 08:39:30,603;1699-12-31 00:00:00,000;0;False;0;"";"";"";0;;;"d88c6c9b-d968-46e7-9688-9268c0d70d60";""
4331;4307;"CustomerID";"";6;19;"";"";False;1;False;False;True;1;-1;False;False;2;4517;1;"CustomerID";;"";"0";True;;4423;2025-09-26 08:41:01,426;2025-09-26 08:39:30,603;1699-12-31 00:00:00,000;0;False;0;"";"";"";0;;;"4945603e-680f-48c6-b50e-eaad55d30fd4";""
4332;4307;"Country";"";2;19;"";"";False;1;False;False;True;1;-1;False;False;2;4521;1;"Country";;"";"";True;;4424;2025-09-26 08:39:30,603;2025-09-26 08:39:30,603;1699-12-31 00:00:00,000;0;False;0;"";"";"";0;;;"1ef491d7-65ae-4b0a-bb61-b36f09021324";""
4333;4307;"__sheet_name__";"";2;19;"";"";True;1;False;False;True;1;-1;False;False;2;4525;1;"__sheet_name__";;"";"";True;;4425;2025-09-26 08:41:14,726;2025-09-26 08:41:14,726;1699-12-31 00:00:00,000;0;False;0;"";"";"";0;;;"5cfe1a5a-7460-417b-8e72-6c5f7fc8473d";""
4334;4307;"TotalValue";"";8;19;"";"";False;1;False;False;True;1;-1;False;False;3;4529;1;"TotalValue";;"";"";True;;4426;2025-09-26 08:39:30,603;2025-09-26 08:39:30,603;1699-12-31 00:00:00,000;0;False;0;"";"";"";0;;;"95d4e1ed-f92d-4854-ace5-8cc3d0959559";""
4335;4307;"TransactionCategory";"";2;19;"";"";False;1;False;False;True;1;-1;False;False;2;4533;1;"TransactionCategory";;"";"";True;;4427;2025-09-26 08:39:30,603;2025-09-26 08:39:30,603;1699-12-31 00:00:00,000;0;False;0;"";"";"";0;;;"f52092c6-3ec2-41d4-a709-6c745f9a078c";""
4336;4307;"ClassificationRule";"";2;19;"";"";False;1;False;False;True;1;-1;False;False;2;4537;1;"ClassificationRule";;"";"";True;;4428;2025-09-26 08:39:30,603;2025-09-26 08:39:30,603;1699-12-31 00:00:00,000;0;False;0;"";"";"";0;;;"66422891-8839-483c-a298-a40b9f77c2a9";""
4337;4307;"ClassificationStep";"";6;19;"";"";False;1;False;False;True;1;-1;False;False;2;4541;1;"ClassificationStep";;"";"0";True;;4429;2025-09-26 08:40:54,006;2025-09-26 08:39:30,603;1699-12-31 00:00:00,000;0;False;0;"";"";"";0;;;"695f2c3b-0373-4312-818f-c468a76d40a2";""
4338;4307;"Date";"";9;19;"";"";False;1;False;False;True;1;-1;False;False;2;4545;1;"Date";;"";"yyyy-mm-dd";True;;4430;2025-09-26 08:40:44,966;2025-09-26 10:13:51,643;1699-12-31 00:00:00,000;0;False;0;"";"";"";0;;;"a48d82f3-c0aa-4b9c-b379-c058b40d8786";""
4311;4310;"RowNumber-2662979B-1795-4F74-8F37-6A1BA8059B61";"";6;19;"";"";True;1;True;True;False;1;-1;False;False;1;4457;3;"";;"";"";True;;4312;2025-10-07 11:58:30,480;2025-09-26 08:39:30,603;1699-12-31 00:00:00,000;2;False;0;"";"";"";0;;;"";""
4323;4310;"";"Date";9;9;"PaddedDateTableDates";"";True;1;False;False;True;1;-1;False;False;2;4485;4;"[Date]";;"";"";True;;4415;2025-10-07 11:58:30,480;2025-09-26 08:39:30,603;1699-12-31 00:00:00,000;2;False;0;"";"";"";0;;;"e26ce5bc-5135-49bd-a46a-7144ccecdb30";""
4324;4310;"Year";"";6;6;"Years";"";True;1;False;False;True;1;-1;False;False;2;4489;2;"";;"YEAR([Date])";"";True;;4416;2025-10-07 11:58:30,483;2025-09-26 08:39:30,603;2025-10-07 11:58:30,483;2;False;0;"";"";"";0;;;"5815f377-9d63-4f67-8b22-2fe0206f01dc";""
4325;4310;"MonthNo";"";6;6;"MonthOfYear";"";True;1;False;False;True;1;-1;False;False;2;4493;2;"";;"MONTH([Date])";"";True;;4417;2025-10-07 11:58:30,483;2025-09-26 08:39:30,603;2025-10-07 11:58:30,483;2;False;0;"";"";"";0;;;"ae8e247a-5efb-41ed-9631-784c7718aee3";""
4326;4310;"Month";"";2;2;"Months";"";True;1;False;False;True;1;-1;False;False;2;4497;2;"";;"FORMAT([Date], ""MMMM"")";"";True;4325;4418;2025-10-07 11:58:30,483;2025-09-26 08:39:30,603;2025-10-07 11:58:30,483;2;False;0;"";"";"";0;;;"43ba5abd-d65c-438b-901a-a0e190edbd4b";""
4327;4310;"QuarterNo";"";6;6;"QuarterOfYear";"";True;1;False;False;True;1;-1;False;False;2;4501;2;"";;"INT(([MonthNo] + 2) / 3)";"";True;;4419;2025-10-07 11:58:30,486;2025-09-26 08:39:30,603;2025-10-07 11:58:30,486;2;False;0;"";"";"";0;;;"20c7f5e2-4bac-4548-893e-7a5c58c7e53b";""
4328;4310;"Quarter";"";2;2;"Quarters";"";True;1;False;False;True;1;-1;False;False;2;4505;2;"";;"""Qtr "" & [QuarterNo]";"";True;4327;4420;2025-10-07 11:58:30,503;2025-09-26 08:39:30,603;2025-10-07 11:58:30,503;2;False;0;"";"";"";0;;;"6def4e88-fce3-4eeb-a7d2-e462ca3fc1b0";""
4329;4310;"Day";"";6;6;"DayOfMonth";"";True;1;False;False;True;1;-1;False;False;2;4509;2;"";;"DAY([Date])";"";True;;4421;2025-10-07 11:58:30,483;2025-09-26 08:39:30,603;2025-10-07 11:58:30,483;2;False;0;"";"";"";0;;;"9f1bb610-8056-4fe1-a873-6b2f20c03fbf";""
5438;5437;"RowNumber-2662979B-1795-4F74-8F37-6A1BA8059B61";"";6;19;"";"";True;1;True;True;False;1;-1;False;False;1;5482;3;"";;"";"";True;;5439;2025-10-07 11:58:30,493;2025-09-26 10:13:51,643;1699-12-31 00:00:00,000;2;False;0;"";"";"";0;;;"";""
5441;5437;"";"Date";9;9;"PaddedDateTableDates";"";True;1;False;False;True;1;-1;False;False;2;5486;4;"[Date]";;"";"";True;;5470;2025-10-07 11:58:30,493;2025-09-26 10:13:51,643;1699-12-31 00:00:00,000;2;False;0;"";"";"";0;;;"43e1fb56-bc58-403d-9802-98a20b204440";""
5442;5437;"Year";"";6;6;"Years";"";True;1;False;False;True;1;-1;False;False;2;5490;2;"";;"YEAR([Date])";"";True;;5471;2025-10-07 11:58:30,496;2025-09-26 10:13:51,643;2025-10-07 11:58:30,496;2;False;0;"";"";"";0;;;"7a5e8de7-8fe4-42c8-b747-98556feb4001";""
5443;5437;"MonthNo";"";6;6;"MonthOfYear";"";True;1;False;False;True;1;-1;False;False;2;5494;2;"";;"MONTH([Date])";"";True;;5472;2025-10-07 11:58:30,496;2025-09-26 10:13:51,643;2025-10-07 11:58:30,496;2;False;0;"";"";"";0;;;"3a42da6e-2bf4-49a5-8083-5a0a03385447";""
5444;5437;"Month";"";2;2;"Months";"";True;1;False;False;True;1;-1;False;False;2;5498;2;"";;"FORMAT([Date], ""MMMM"")";"";True;5443;5473;2025-10-07 11:58:30,500;2025-09-26 10:13:51,643;2025-10-07 11:58:30,500;2;False;0;"";"";"";0;;;"02b965aa-461b-4add-8b24-bbf0074c8720";""
5445;5437;"QuarterNo";"";6;6;"QuarterOfYear";"";True;1;False;False;True;1;-1;False;False;2;5502;2;"";;"INT(([MonthNo] + 2) / 3)";"";True;;5474;2025-10-07 11:58:30,500;2025-09-26 10:13:51,643;2025-10-07 11:58:30,500;2;False;0;"";"";"";0;;;"8ce19330-f117-470f-a0cf-0075be7025c4";""
5446;5437;"Quarter";"";2;2;"Quarters";"";True;1;False;False;True;1;-1;False;False;2;5506;2;"";;"""Qtr "" & [QuarterNo]";"";True;5445;5475;2025-10-07 11:58:30,526;2025-09-26 10:13:51,643;2025-10-07 11:58:30,526;2;False;0;"";"";"";0;;;"f269b8f6-1d6e-40e3-b2f3-490bbc76f26c";""
5447;5437;"Day";"";6;6;"DayOfMonth";"";True;1;False;False;True;1;-1;False;False;2;5510;2;"";;"DAY([Date])";"";True;;5476;2025-10-07 11:58:30,496;2025-09-26 10:13:51,643;2025-10-07 11:58:30,496;2;False;0;"";"";"";0;;;"d0e30145-266b-4050-a5d6-4dc43b53a786";""
