ID;TableID;Name;Description;DataType;Expression;FormatString;IsHidden;State;ModifiedTime;StructureModifiedTime;KPIID;IsSimpleMeasure;ErrorMessage;DisplayFolder;DetailRowsDefinitionID;DataCategory;FormatStringDefinitionID;LineageTag;SourceLineageTag
158;40;"Orders";"";6;"DISTINCTCOUNT(fact_sales[InvoiceNumber])";"0";False;1;2025-09-26 08:28:54,113;2025-09-26 08:28:53,426;;False;"";"Sales\Base";;"";;"e14ef7db-ab85-4629-b88e-1c235d0fdbf1";""
159;40;"Total Sales";"";8;"SUM(fact_sales[TotalValue])";"";False;1;2025-09-26 08:28:54,113;2025-09-26 08:28:53,426;;False;"";"Sales\Base";;"";;"2434790d-1466-47f5-be94-94ea45d91250";""
160;40;"AOV";"";8;"DIVIDE([Total Sales],[Orders])";"";False;1;2025-09-26 08:28:54,113;2025-09-26 08:28:53,426;;False;"";"Sales\Base";;"";;"4ce9331a-fbfe-47c3-aa72-bf9b5e441449";""
161;40;"Total Quantity";"";6;"SUM(fact_sales[Quantity])";"0";False;1;2025-09-26 08:28:54,113;2025-09-26 08:28:53,426;;False;"";"Sales\Base";;"";;"e6bfda44-33b1-4f92-bdaf-020a04d717a0";""
162;40;"Customers";"";6;"DISTINCTCOUNT(fact_sales[CustomerKey])";"0";False;1;2025-09-26 08:28:54,113;2025-09-26 08:28:53,426;;False;"";"Sales\Base";;"";;"99dceed5-5fed-4866-bc5d-81cd7ca83e14";""
163;40;"Sales PY (Live)";"";8;"CALCULATE([Total Sales], SAMEPERIODLASTYEAR(dim_date[Date]))";"";False;1;2025-09-26 08:28:54,113;2025-09-26 08:28:53,426;;False;"";"Live\Sales\Time Intelligence";;"";;"14446660-40fe-40b2-affe-cd582529303c";""
164;40;"Sales YoY % (Live)";"";8;"DIVIDE([Total Sales] - [Sales PY (Live)], [Sales PY (Live)])";"";False;1;2025-09-26 08:28:54,113;2025-09-26 08:28:53,426;;False;"";"Live\Sales\Time Intelligence";;"";;"78d4c415-21ef-435b-b7a5-4529f9f22913";""
165;40;"Sales PM (Live)";"";8;"CALCULATE([Total Sales], DATEADD(dim_date[Date], -1, MONTH))";"";False;1;2025-09-26 08:28:54,113;2025-09-26 08:28:53,426;;False;"";"Live\Sales\Time Intelligence";;"";;"54481ddb-328f-4968-bcfb-9853a72a3984";""
166;40;"Sales MoM % (Live)";"";8;"DIVIDE([Total Sales] - [Sales PM (Live)], [Sales PM (Live)])";"";False;1;2025-09-26 08:28:54,113;2025-09-26 08:28:53,426;;False;"";"Live\Sales\Time Intelligence";;"";;"1ab00c36-52a8-403b-b083-cbbf218dd101";""
167;40;"Sales YTD (Live)";"";8;"TOTALYTD([Total Sales], dim_date[Date])";"";False;1;2025-09-26 08:28:54,113;2025-09-26 08:28:53,426;;False;"";"Live\Sales\Time Intelligence";;"";;"530a76c7-0bde-44f5-9639-52fc8d19c534";""
168;40;"Sales MTD (Live)";"";8;"TOTALMTD([Total Sales], dim_date[Date])";"";False;1;2025-09-26 08:28:54,113;2025-09-26 08:28:53,426;;False;"";"Live\Sales\Time Intelligence";;"";;"b4005d6b-82c7-4c9d-907a-75c2e99e5cd5";""
169;40;"1. Anchor Date (2011SameMD)";"1) Data kotwicy: dzisiejszy miesiąc i dzień, rok = 2011 (przycięte do max daty 2011 w tabeli)";9;"
    VAR AktualnyDzien = DATE(2011, MONTH(TODAY()), DAY(TODAY()))
    var Max2011 = 
        CALCULATE(
            MAX(dim_date[Date]),
            FILTER( ALL(dim_date), dim_date[Year] = 2011)
        )
    RETURN MIN(AktualnyDzien, Max2011)

    //  Data kotwicy: dzisiejszy miesiąc i dzień, rok  2011 (przycięte do max daty 2011 w tabeli)";"yyyy-mm-dd";False;1;2025-09-26 08:28:54,113;2025-09-26 08:28:53,426;;False;"";"_2011_Anchor\Sales\Time Intelligence";;"";;"997661ff-f904-431d-a598-c82b0d071582";""
170;40;"Sales YTD (_2011)";"";8;"
VAR _Anchor = [1. Anchor Date (2011SameMD)]
RETURN 
    CALCULATE(
        [Total Sales],
        FILTER(
            dim_date,
            dim_date[Year] = YEAR(_Anchor) &&
            dim_date[Date] <= _Anchor
        )
    )


// poniższy kod jest szybszy, ale nie uwzględnia kontekstu dat na wykresie
/*
VAR startDate = DATE(YEAR(_Anchor), 1, 1)
RETURN 
    CALCULATE(
            [Total Sales],
            DATESBETWEEN(
                dim_date[Date],
                startDate,
                Anchor
            )
    )
*/";"""£""#,0.00;-""£""#,0.00;""£""#,0.00";False;1;2025-09-26 08:28:54,113;2025-09-26 08:28:53,426;;False;"";"_2011_Anchor\Sales\Time Intelligence";;"";;"e1beeafd-5bc5-456c-a93f-515446593cc4";""
171;40;"Sales MTD (_2011)";"";8;"
VAR _Anchor = [1. Anchor Date (2011SameMD)]
VAR _startDate = EOMONTH(_Anchor, -1) + 1
RETURN
    CALCULATE(
        [Total Sales],
        DATESBETWEEN(dim_date[Date],
        _startDate,
        _Anchor
    )
)";"";False;1;2025-09-26 08:28:54,113;2025-09-26 08:28:53,426;;False;"";"_2011_Anchor\Sales\Time Intelligence";;"";;"e6ef2945-4b07-481d-88d8-9d1259d42c1d";""
172;40;"Sales YTD PY (Live)";"";8;"CALCULATE([Total Sales], SAMEPERIODLASTYEAR(DATESYTD(dim_date[Date])))";"";False;1;2025-09-26 08:28:54,113;2025-09-26 08:28:53,426;;False;"";"Live\Sales\Time Intelligence";;"";;"7dea1c0c-ac0d-41fc-9c56-0d81e10f6a15";""
173;40;"Sales YTD PY (_2010)";"";8;"
VAR _Anchor = EDATE([1. Anchor Date (2011SameMD)], -12)
RETURN 
    CALCULATE(
        [Total Sales],
        FILTER(
            dim_date,
            dim_date[Year] = YEAR(_Anchor) &&
            dim_date[Date] <= _Anchor
        )
    )


// poniższy kod jest szybszy, ale nie uwzględnia kontekstu dat na wykresie
/*
VAR Anchor = EDATE([1. Anchor Date (2011SameMD)], -12)
VAR startDate = DATE(YEAR(Anchor), 1, 1)
RETURN
    CALCULATE(
            [Total Sales],
            DATESBETWEEN(
                dim_date[Date],
                startDate,
                Anchor
            )
    )
*/";"";False;1;2025-09-26 08:28:54,113;2025-09-26 08:28:53,426;;False;"";"_2011_Anchor\Sales\Time Intelligence";;"";;"b552353f-c351-4ada-9646-ddaad37cfd19";""
174;40;"Sales YoY % (_2011)";"";8;"
DIVIDE([Sales YTD (_2011)] - [Sales YTD PY (_2010)],
    [Sales YTD (_2011)])";"0.00%;-0.00%;0.00%";False;1;2025-09-26 08:28:54,113;2025-09-26 08:28:53,426;;False;"";"_2011_Anchor\Sales\Time Intelligence";;"";;"392aaa47-8df7-4bc0-a6ed-c78481e04df5";""
175;40;"Sales MoM MTD % (2011 Anchor)";"";8;"
DIVIDE([Sales MTD (_2011)] - [Sales MTD PM (2011 Anchor)],
    [Sales MTD PM (2011 Anchor)])";"";False;1;2025-09-26 08:28:54,113;2025-09-26 08:28:53,426;;False;"";"_2011_Anchor\Sales\Time Intelligence";;"";;"cc23cfc7-4fc0-42df-a2a5-8d7c26989eb7";""
176;40;"Sales MTD PM (2011 Anchor)";"";8;"
var Anchor = [1. Anchor Date (2011SameMD)]
VAR StartPrevMonth = EOMONTH(Anchor, -2) + 1
VAR StopDate = EDATE(Anchor, -1)
RETURN
    CALCULATE(
        [Total Sales],
        DATESBETWEEN(
            dim_date[Date],
            StartPrevMonth,
            StopDate)
    )
";"";False;1;2025-09-26 08:28:54,113;2025-09-26 08:28:53,426;;False;"";"_2011_Anchor\Sales\Time Intelligence";;"";;"c8c2b4bf-414c-4495-812f-8e249560d407";""
177;40;"Customers YTD (_2011)";"";6;"
VAR _Anchor = [1. Anchor Date (2011SameMD)]
VAR _dateStart = DATE(YEAR(_Anchor), 1, 1)
RETURN
    CALCULATE(
        DISTINCTCOUNT(fact_sales[CustomerKey]),
        DATESBETWEEN(
            dim_date[Date],
            _dateStart,
            _Anchor
        )
    )";"0";False;1;2025-09-26 08:28:54,113;2025-09-26 08:28:53,426;;False;"";"_2011_Anchor\Sales\Base";;"";;"17a57f06-5fa5-4a82-81c7-ef90a807af1c";""
178;40;"AOV YTD (_2011)";"";8;"
VAR _Anchor = [1. Anchor Date (2011SameMD)]
VAR _startDate = DATE(YEAR(_Anchor), 1, 1)
RETURN
DIVIDE(
    [Sales YTD (_2011)], 
    CALCULATE(DISTINCTCOUNT(fact_sales[InvoiceNumber]),
       DATESBETWEEN(dim_date[Date],
       _startDate,
       _Anchor
       )
    )
)";"""£""#,0.00;-""£""#,0.00;""£""#,0.00";False;1;2025-09-26 08:28:54,113;2025-09-26 08:28:53,426;;False;"";"_2011_Anchor\Sales\Time Intelligence";;"";;"9b7336bf-403b-48d2-821c-ebaf45b89cca";""
179;40;"Sales YoY% - format";"";2;"
SWITCH(
    TRUE(),
    [Sales YoY % (_2011)] > 0, UNICHAR(11165) & "" "" & FORMAT([Sales YoY % (_2011)], ""0.0%""),
    [Sales YoY % (_2011)] < 0, UNICHAR(11167) & "" "" & FORMAT([Sales YoY % (_2011)] * -1, ""0.0%""),
    FORMAT([Sales YoY % (_2011)], ""0.0%"")
)";"";False;1;2025-09-26 08:28:54,113;2025-09-26 08:28:53,426;;False;"";"_2011_Anchor\Sales\Visuals - Measure format & CF";;"";;"ad24870a-d8c8-4273-b6ac-11a22cfa13f1";""
180;40;"Sales YoY% CF";"";2;"
SWITCH(
    TRUE(),
    [Sales YoY % (_2011)] > 0, ""Green"",
    [Sales YoY % (_2011)] < 0, ""Red"",
    ""Grey"")";"";False;1;2025-09-26 08:28:54,113;2025-09-26 08:28:53,426;;False;"";"_2011_Anchor\Sales\Visuals - Measure format & CF";;"";;"e6047330-58b8-4cd6-b6ad-6a829c16d547";""
181;40;"AOV YTD PY (_2010)";"";8;"
VAR _Anchor = EDATE([1. Anchor Date (2011SameMD)], -12)
VAR _startDate = DATE(YEAR(_Anchor), 1, 1)
RETURN
DIVIDE([Sales YTD PY (_2010)], 
       CALCULATE(DISTINCTCOUNT(fact_sales[InvoiceNumber]),
           DATESBETWEEN(dim_date[Date],
           _startDate,
           _Anchor
           )
       )
)";"";False;1;2025-09-26 08:28:54,113;2025-09-26 08:28:53,426;;False;"";"_2011_Anchor\Sales\Time Intelligence";;"";;"860d2300-9b91-48df-9521-1ce61247c319";""
182;40;"AOV YoY %";"";8;"
DIVIDE([AOV YTD (_2011)] - [AOV YTD PY (_2010)], [AOV YTD (_2011)])";"0.0%;-0.0%;0.0%";False;1;2025-09-26 08:28:54,113;2025-09-26 08:28:53,426;;False;"";"_2011_Anchor\Sales\Time Intelligence";;"";;"a5571698-80b6-495e-9788-1a7c22c770da";""
183;40;"AOV YoY % formated";"";2;"
SWITCH(
    TRUE(),
    [AOV YoY %] > 0, UNICHAR(11165) & "" "" &FORMAT([AOV YoY %], ""0.0%""),
    [AOV YoY %] < 0, UNICHAR(11167) & "" "" &FORMAT([AOV YoY %], ""0.0%""),
    FORMAT([AOV YoY %], ""0.0%""))";"";False;1;2025-09-26 08:28:54,113;2025-09-26 08:28:53,426;;False;"";"_2011_Anchor\Sales\Visuals - Measure format & CF";;"";;"6a8bb895-5e51-4c6c-b3b6-3fe26ba636b5";""
184;40;"AOV YoY% CF";"";2;"
SWITCH(
    TRUE(),
    [AOV YoY %] > 0, ""Green"",
    [AOV YoY %] < 0, ""Red"",
    ""Grey"")";"";False;1;2025-09-26 08:28:54,113;2025-09-26 08:28:53,426;;False;"";"_2011_Anchor\Sales\Visuals - Measure format & CF";;"";;"4c85434d-2fa0-42de-b81c-352c18dc5eb9";""
185;40;"New Customers (_2011)";"";6;"
VAR _Anchor = [1. Anchor Date (2011SameMD)]
VAR _CurrentRowMonth = MONTH(MAX(dim_date[Date]))  // Kontekst miesięczny z osi X
VAR _CurrentRowYear = YEAR(MAX(dim_date[Date]))    // Kontekst roczny z osi X
VAR _AnchorMonth = MONTH(_Anchor)                  // Miesiąc kotwicy
VAR _AnchorYear = YEAR(_Anchor)                    // Rok kotwicy
RETURN
IF(
    _CurrentRowYear = _AnchorYear && _CurrentRowMonth <= _AnchorMonth,
    CALCULATE(
        DISTINCTCOUNT(dim_customer[CustomerKey]),
        FILTER(
            dim_customer,
            MONTH(dim_customer[FirstPurchase]) = _CurrentRowMonth &&
            YEAR(dim_customer[FirstPurchase]) = _CurrentRowYear
        )
    ),
    BLANK()
)
";"0";False;1;2025-10-07 11:49:44,173;2025-09-26 08:28:53,426;;False;"";"_2011_Anchor\Sales\Time Intelligence";;"";;"a8d0cc1c-ef2b-42a0-9145-7e6ecb9374d7";""
186;40;"Returning Customers (_2011)";"";6;"
VAR _Anchor = [1. Anchor Date (2011SameMD)]
VAR _CurrentDate = MAX(dim_date[Date])
VAR _PeriodStart = MIN(dim_date[Date])                  // Kontekst na wykresie
VAR _PeriodEnd = MIN(_CurrentDate, _Anchor)             // Nie starsze niż _Anchor
RETURN
IF(
    MONTH(_CurrentDate) <= MONTH(_Anchor) && YEAR(_CurrentDate) = YEAR(_Anchor),
    CALCULATE(
        DISTINCTCOUNT(fact_sales[CustomerKey]),                     // ← Liczymy z fact_sales!
        FILTER(
            ALL(dim_customer),
            dim_customer[FirstPurchase] < DATE(YEAR(_Anchor), 1, 1)
        ),    // Sprzed 2011
        dim_date[Date] >= _PeriodStart,                             
        dim_date[Date] <= _PeriodEnd,
        fact_sales[CustomerKey] <> -1  // Exclude guest transactions
    ),
    BLANK()
)



/*

    // poniżej dla przypadku, gdy operujemy na danych aktualnych
    // a nie jak w tym projekcie - archiwalnych

VAR _minDate = MIN(dim_date[Date])
RETURN
CALCULATE(
    DISTINCTCOUNT(dim_customer[CustomerKey]),
    FILTER(
        dim_customer,
        dim_customer[FirstPurchase] < _minDate &&
        COUNTROWS(RELATEDTABLE(fact_sales)) > 0
    )
)

*/";"0";False;1;2025-10-07 13:33:29,666;2025-09-26 08:28:53,426;;False;"";"_2011_Anchor\Sales\Time Intelligence";;"";;"4d9689ce-2c39-4510-ab3a-7394a0427129";""
187;40;"UK Sales Share % (2011)";"";8;"
VAR Anchor = [1. Anchor Date (2011SameMD)]
VAR UKSales =
    CALCULATE(
        [Total Sales],
        dim_geography[IsUK] = 1,
        dim_date[Year] = YEAR(Anchor),
        dim_date[Date] <= Anchor
    )
VAR TotalSales =
    CALCULATE(
        [Total Sales],
        dim_date[Year] = YEAR(Anchor),
        dim_date[Date] <= Anchor
    )
RETURN
    DIVIDE(UKSales, TotalSales)";"0%;-0%;0%";False;1;2025-09-26 08:28:54,113;2025-09-26 08:28:53,426;;False;"";"_2011_Anchor\Sales\Time Intelligence";;"";;"c8f171f3-71ec-481a-b4d6-fe99d1f78077";""
188;40;"Intl Sales Share % (2011)";"";8;"1 - [UK Sales Share % (2011)]";"0%;-0%;0%";False;1;2025-09-26 08:28:54,113;2025-09-26 08:28:53,426;;False;"";"_2011_Anchor\Sales\Time Intelligence";;"";;"7f5ca795-51ec-4cef-aa12-c75b2451c504";""
189;40;"Guest Transactions % (2011)";"";8;"
VAR Anchor = [1. Anchor Date (2011SameMD)]
VAR GuestCustomers =
    CALCULATE(
        COUNTROWS(fact_sales),
        dim_customer[CustomerType] = ""Guest"",
        dim_date[Year] = YEAR(Anchor),
        dim_date[Date] <= Anchor
    )
VAR TotalCustomers =
    CALCULATE(
        COUNTROWS(fact_sales),
        dim_date[Year] = YEAR(Anchor),
        dim_date[Date] <= Anchor
    )
RETURN
    DIVIDE(GuestCustomers, TotalCustomers)";"0%;-0%;0%";False;1;2025-09-26 08:28:54,113;2025-09-26 08:28:53,426;;False;"";"_2011_Anchor\Sales\Time Intelligence";;"";;"b428c804-a6d5-4318-affc-a05b703fe687";""
190;40;"Channel Score (2011)";"";8;"
VAR UKShare = [UK Sales Share % (2011)]
VAR IntlShare = 1 - UKShare
VAR GuestShare = [Guest Transactions % (2011)]
VAR RegisteredShare = 1 - GuestShare
RETURN
    (UKShare * 0.4) + (IntlShare * 0.3) + (RegisteredShare * 0.3)";"";False;1;2025-09-26 08:28:54,113;2025-09-26 08:28:53,426;;False;"";"_2011_Anchor\Sales\Time Intelligence";;"";;"e29fa000-6ce1-46e3-b135-d29a5d8a653f";""
191;40;"2010 Base Revenue";"";8;"[Sales YTD PY (_2010)]";"";False;1;2025-09-26 08:28:54,113;2025-09-26 08:28:53,426;;False;"";"_2011_Anchor\Sales\Charts\Waterfall";;"";;"cbaca7bb-5624-4532-919f-766fee44066d";""
192;40;"2011 Total Revenue";"";8;"[Sales YTD (_2011)]";"";False;1;2025-09-26 08:28:54,113;2025-09-26 08:28:53,426;;False;"";"_2011_Anchor\Sales\Charts\Waterfall";;"";;"87fcabb4-5ae9-4564-9757-f72fc92a236a";""
193;40;"Volume Effect";"";8;"
VAR Anchor = [1. Anchor Date (2011SameMD)]
VAR Qty2011 =
    CALCULATE(
        [Total Quantity],
        dim_date[Year] = YEAR(Anchor),
        dim_date[Date] <= Anchor
    )
VAR Qty2010 =
    CALCULATE(
        [Total Quantity],
        dim_date[Year] = YEAR(EDATE(Anchor, -12)),
        dim_date[Date] <= EDATE(Anchor, -12)
    )
VAR AvgPrice2010 =
    DIVIDE([2010 Base Revenue], Qty2010)
RETURN
    (Qty2011 - Qty2010) * AvgPrice2010";"";False;1;2025-09-26 08:28:54,113;2025-09-26 08:28:53,426;;False;"";"_2011_Anchor\Sales\Charts\Waterfall";;"";;"f629cb91-2061-48eb-8cb1-bbf323043ada";""
194;40;"Price Effect";"";8;"
VAR Anchor = [1. Anchor Date (2011SameMD)]
VAR Qty2011 =
    CALCULATE(
        [Total Quantity],
        dim_date[Year] = YEAR(Anchor),
        dim_date[Date] <= Anchor
    )
VAR Qty2010 =
    CALCULATE(
        [Total Quantity],
        dim_date[Year] = YEAR(EDATE(Anchor, -12)),
        dim_date[Date] <= EDATE(Anchor, -12)
    )
VAR AvgPrice2010 =
    DIVIDE([2010 Base Revenue], Qty2010)
VAR AvgPrice2011 =
    DIVIDE([2011 Total Revenue], Qty2011)
RETURN
    Qty2011 * (AvgPrice2011 - AvgPrice2010)";"";False;1;2025-09-26 08:28:54,113;2025-09-26 08:28:53,426;;False;"";"_2011_Anchor\Sales\Charts\Waterfall";;"";;"f9076c6b-b02e-4cd0-b468-27f54999dc42";""
195;40;"Mix Effect";"";8;"
VAR TotalCalculated = [2010 Base Revenue] + [Volume Effect] + [Price Effect]
VAR ActualTotal = [2011 Total Revenue]
RETURN
    ActualTotal - TotalCalculated";"";False;1;2025-09-26 08:28:54,113;2025-09-26 08:28:53,426;;False;"";"_2011_Anchor\Sales\Charts\Waterfall";;"";;"87d84886-223e-4475-a4fc-cfe2b7b729e5";""
196;40;"Waterfall Value";"";8;"
SWITCH(
    SELECTEDVALUE('WaterfallCategories Table'[Category]),
    ""2010 Base Revenue"", [2010 Base Revenue],
    ""Volume Effect"", [Volume Effect],
    ""Price Effect"", [Price Effect], 
    ""Mix Effect"", [Mix Effect],
    ""2011 Total Revenue"", [2011 Total Revenue],
    0
)";"0";False;1;2025-10-01 11:36:51,166;2025-09-26 08:28:53,426;;False;"";"_2011_Anchor\Sales\Charts\Waterfall";;"";;"7c6fbb7e-4ca2-4f99-a9b7-f7c8765b19c2";""
197;40;"Total Quantity YTD (2011)";"";6;"
VAR Anchor = [1. Anchor Date (2011SameMD)]
RETURN
    CALCULATE(
        [Total Quantity],
        dim_date[Year] = YEAR(Anchor),
        dim_date[Date] <= Anchor
    )
";"0";False;1;2025-09-26 08:28:54,113;2025-09-26 08:28:53,426;;False;"";"_2011_Anchor\Sales\Time Intelligence";;"";;"1a2f7cc3-c7db-48ca-8cfb-3f010b849d82";""
198;40;"Country Sales Share by Month";"";8;"
VAR CountryMonthlySales = [Total Sales]
VAR TotalMonthlySales =
            IF(
                MAX(dim_date[Date]) <= [1. Anchor Date (2011SameMD)] && YEAR(MAX(dim_date[Date])) = YEAR([1. Anchor Date (2011SameMD)]),
                CALCULATE(
                    [Total Sales],
                    dim_geography[IsUK] = 0,
                    ALLSELECTED(dim_geography[Country])
                    ,FILTER(
                        dim_date,
                        dim_date[Date] >= MIN(dim_date[Date]) &&
                        dim_date[Date] <= max(dim_date[Date])
                    )
                ),
                BLANK()
            )
RETURN
    DIVIDE(CountryMonthlySales, TotalMonthlySales)";"0.00%;-0.00%;0.00%";False;1;2025-09-26 08:28:54,113;2025-09-26 08:28:53,426;;False;"";"_2011_Anchor\Sales\Time Intelligence";;"";;"4f89c86f-3b4c-4b12-be33-451c045dce73";""
199;40;"Customers YTD PY (_2010)";"";6;"
VAR _Anchor = EDATE([1. Anchor Date (2011SameMD)], -12)
VAR _dateStart = DATE(YEAR(_Anchor), 1, 1)
RETURN
    CALCULATE(
        DISTINCTCOUNT(fact_sales[CustomerKey]),
        DATESBETWEEN(
            dim_date[Date],
            _dateStart,
            _Anchor
        )
    )";"0";False;1;2025-09-26 08:28:54,113;2025-09-26 08:28:53,426;;False;"";"_2011_Anchor\Sales\Base";;"";;"1c5b48a2-2b39-4dc5-b720-f1c5c9d40e1b";""
200;40;"Customers YTD YoY %";"";8;"
DIVIDE([Customers YTD (_2011)] - [Customers YTD PY (_2010)], [Customers YTD (_2011)])";"";False;1;2025-09-26 08:28:54,113;2025-09-26 08:28:53,426;;False;"";"_2011_Anchor\Sales\Base";;"";;"063a574e-1459-4866-beeb-3df3b5bfcbbf";""
201;40;"Customers YoY% - formated";"";2;"
SWITCH(
    TRUE(),
    [Customers YTD YoY %] > 0, UNICHAR(11165) & "" "" & FORMAT([Customers YTD YoY %], ""0.0%""),
    [Customers YTD YoY %] < 0, UNICHAR(11167) & "" "" & FORMAT([Customers YTD YoY %] * -1, ""0.0%""),
    FORMAT([Customers YTD YoY %], ""0.0%"")
)";"";False;1;2025-09-26 08:28:54,113;2025-09-26 08:28:53,426;;False;"";"_2011_Anchor\Sales\Visuals - Measure format & CF";;"";;"2fc0d52d-1cad-4f6c-9a0b-87cf49770084";""
202;40;"Customers YoY% CF";"";2;"
SWITCH(
    TRUE(),
    [Customers YTD YoY %] > 0, ""Green"",
    [Customers YTD YoY %] < 0, ""Red"",
    ""Grey""
)";"";False;1;2025-09-26 08:28:54,113;2025-09-26 08:28:53,426;;False;"";"_2011_Anchor\Sales\Visuals - Measure format & CF";;"";;"473af1cc-a295-4efc-b25d-563a53a7b9c3";""
203;40;"Sales YTD Anchor";"";8;"
VAR Anchor = [1. Anchor Date (2011SameMD)]
VAR RowYear = YEAR(MAX(dim_date[Date]))
var RowDate = MAX(dim_date[Date])
RETURN
    IF(
        RowYear = YEAR(Anchor) && RowDate <= Anchor,
        [Total Sales],
        BLANK()
    )";"";False;1;2025-09-26 08:28:54,113;2025-09-26 08:28:53,426;;False;"";"_2011_Anchor\Sales\Time Intelligence";;"";;"7a4d27ee-0e25-4e0f-b90b-cef213b6f2e3";""
204;40;"Registered Transactions (_2011)";"";8;"
    1 - [Guest Transactions % (2011)]";"0%;-0%;0%";False;1;2025-10-01 11:51:50,253;2025-09-26 08:28:53,426;;False;"";"_2011_Anchor\Sales\Time Intelligence";;"";;"f81790f9-e4e7-4a4b-abeb-0ff5faf1b169";""
205;40;"Intl Growth Rate";"";8;"
VAR _anchor = [1. Anchor Date (2011SameMD)]
VAR _anchorPY = EDATE(_anchor, -12)
VAR _ytd =
    CALCULATE(
        [Total Sales],
        dim_geography[IsUK] = 0,
        dim_date[Year] = YEAR(_anchor),
        dim_date[Date] <= _anchor
    )
VAR _py = 
    CALCULATE(
        [Total Sales],
        dim_geography[IsUK] = 0,
        dim_date[Year] = YEAR(_anchorPY),
        dim_date[Date] <= _anchorPY
    )
return
    (_ytd / _py) - 1";"0.0%;-0.0%;0.0%";False;1;2025-09-26 08:28:54,113;2025-09-26 08:28:53,426;;False;"";"_2011_Anchor\Sales\Time Intelligence";;"";;"5169abd9-ece4-44dd-961e-a02a8c46842c";""
206;40;"_ytd";"";8;"
VAR _anchor = [1. Anchor Date (2011SameMD)]
VAR _anchorPY = EDATE(_anchor, -12)
VAR _ytd =
    CALCULATE(
        [Total Sales],
        dim_geography[IsUK] = 0,
        dim_date[Year] = YEAR(_anchor),
        dim_date[Date] <= _anchor
    )
VAR _py = 
    CALCULATE(
        [Total Sales],
        dim_geography[IsUK] = 0,
        dim_date[Year] = YEAR(_anchorPY),
        dim_date[Date] <= _anchorPY
    )
return
    _ytd";"";False;1;2025-09-26 08:28:54,113;2025-09-26 08:28:53,426;;False;"";"";;"";;"08ab6d78-ed0e-4942-89c9-79cb09f72ea6";""
207;40;"_py";"";8;"
VAR _anchor = [1. Anchor Date (2011SameMD)]
VAR _anchorPY = EDATE(_anchor, -12)
VAR _ytd =
    CALCULATE(
        [Total Sales],
        dim_geography[IsUK] = 0,
        dim_date[Year] = YEAR(_anchor),
        dim_date[Date] <= _anchor
    )
VAR _py = 
    CALCULATE(
        [Total Sales],
        dim_geography[IsUK] = 0,
        dim_date[Year] = YEAR(_anchorPY),
        dim_date[Date] <= _anchorPY
    )
return
    _py";"";False;1;2025-09-26 08:28:54,113;2025-09-26 08:28:53,426;;False;"";"";;"";;"bedc681c-fc19-4b96-9a85-6113d75e851b";""
208;40;"UK Growth Rate";"";8;"
VAR _anchor = [1. Anchor Date (2011SameMD)]
VAR _anchorPY = EDATE(_anchor, -12)
VAR _ytd =
    CALCULATE(
        [Total Sales],
        dim_geography[IsUK] = 1,
        dim_date[Year] = YEAR(_anchor),
        dim_date[Date] <= _anchor
    )
VAR _py = 
    CALCULATE(
        [Total Sales],
        dim_geography[IsUK] = 1,
        dim_date[Year] = YEAR(_anchorPY),
        dim_date[Date] <= _anchorPY
    )
return
    (_ytd / _py) - 1";"0.0%;-0.0%;0.0%";False;1;2025-09-26 08:28:54,113;2025-09-26 08:28:53,426;;False;"";"_2011_Anchor\Sales\Time Intelligence";;"";;"293364b2-aca0-4e19-8cd3-6c3651f6bdaa";""
209;40;"Intl Growth Rate % formated";"";2;"
SWITCH(
    TRUE(),
    [Intl Growth Rate] > 0, ""+"" &FORMAT([Intl Growth Rate], ""0.0%""),
    [Intl Growth Rate] < 0, ""-"" &FORMAT([Intl Growth Rate], ""0.0%""),
    FORMAT([Intl Growth Rate], ""0.0%""))";"";False;1;2025-10-01 11:52:04,320;2025-09-26 08:28:53,426;;False;"";"_2011_Anchor\Sales\Visuals - Measure format & CF";;"";;"5392eb92-0bc9-4d78-8e58-cb42accb94b2";""
210;40;"_slicer - Sales YTD (_2011)";"";8;"
VAR _customerSelection = SELECTEDVALUE('_slicer Customer Segment - Executive Summary'[CustomerTypeFilter], ""All Customers"")
VAR _filterCondition = 
    SWITCH(
        _customerSelection,
        ""All Customers"", [Sales YTD (_2011)],
        ""Registered Only"", CALCULATE(
            [Sales YTD (_2011)], dim_customer[CustomerType] = ""Registered""
            ),
        ""Guest Only"", CALCULATE(
            [Sales YTD (_2011)], dim_customer[CustomerType] = ""Guest""
        ), 
        [Sales YTD (_2011)]
    )
RETURN
    _filterCondition";"";False;1;2025-09-26 08:28:54,113;2025-09-26 08:28:53,426;;False;"";"_2011_Anchor\Sales\Time Intelligence";;"";;"f9f2c659-af5f-44a7-bed7-9c46d4a7faad";""
211;40;"International Market Share";"";8;"
VAR _anchor = [1. Anchor Date (2011SameMD)]

VAR _total = 
    CALCULATE(
        SUM(fact_sales[TotalValue]),
        dim_geography[IsUK] = 0,
        REMOVEFILTERS(dim_geography[Country Group]
        )
    )
VAR _group = SUM(fact_sales[TotalValue])
RETURN
    IF(
        MAX(dim_date[Date]) <= _anchor && MAX(dim_date[Year]) = YEAR(_anchor),
        DIVIDE(_group, _total),
        BLANK()
    )";"0%;-0%;0%";False;1;2025-09-26 08:28:54,113;2025-09-26 08:28:53,426;;False;"";"";;"";;"e58fb0bf-707e-4d2c-8e2d-b317b304c7e0";""
212;40;"_slicer - Sales YTD PY (_2010)";"";8;"
VAR _customerSelection = SELECTEDVALUE('_slicer Customer Segment - Executive Summary'[CustomerTypeFilter], ""All Customers"")
VAR _filterCondition = 
    SWITCH(
        _customerSelection,
        ""All Customers"", [Sales YTD PY (_2010)],
        ""Registered Only"", CALCULATE(
            [Sales YTD PY (_2010)], dim_customer[CustomerType] = ""Registered""
            ),
        ""Guest Only"", CALCULATE(
            [Sales YTD PY (_2010)], dim_customer[CustomerType] = ""Guest""
        ), 
        [Sales YTD PY (_2010)]
    )
RETURN
    _filterCondition";"";False;1;2025-09-26 08:28:54,113;2025-09-26 08:28:53,426;;False;"";"_2011_Anchor\Sales\Time Intelligence";;"";;"db1bb8c2-c98f-4534-b575-b7572242d567";""
213;40;"Orders YTD (_2011)";"";6;"
VAR _Anchor = [1. Anchor Date (2011SameMD)]
VAR _dateStart = DATE(YEAR(_Anchor), 1, 1)
RETURN
    CALCULATE(
        DISTINCTCOUNT(fact_sales[InvoiceNumber]),
        DATESBETWEEN(
            dim_date[Date],
            _dateStart,
            _Anchor
        )
    )";"0";False;1;2025-10-01 11:51:00,083;2025-09-26 08:28:53,426;;False;"";"_2011_Anchor\Sales\Time Intelligence";;"";;"0f34dd8d-d391-4a38-b4f6-ebc7060b6bf0";""
214;40;"_slicer - Orders YTD (_2011)";"";6;"
VAR _customerSelection = SELECTEDVALUE('_slicer Customer Segment - Executive Summary'[CustomerTypeFilter], ""All Customers"")
VAR _filterCondition = 
    SWITCH(
        _customerSelection,
        ""All Customers"", [Orders YTD (_2011)],
        ""Registered Only"", CALCULATE(
            [Orders YTD (_2011)], dim_customer[CustomerType] = ""Registered""
            ),
        ""Guest Only"", CALCULATE(
            [Orders YTD (_2011)], dim_customer[CustomerType] = ""Guest""
        ), 
        [Orders YTD (_2011)]
    )
RETURN
    _filterCondition";"0";False;1;2025-09-26 08:28:54,113;2025-09-26 08:28:53,426;;False;"";"_2011_Anchor\Sales\Time Intelligence";;"";;"b41ee5b7-9c88-4612-af1a-eed57dfd149c";""
215;40;"_slicer - Sales YoY (_2011)";"";8;"
VAR _customerSelection = SELECTEDVALUE('_slicer Customer Segment - Executive Summary'[CustomerTypeFilter], ""All Customers"")
VAR _filterCondition = 
    SWITCH(
        _customerSelection,
        ""All Customers"", [Sales YoY % (_2011)],
        ""Registered Only"", CALCULATE(
            [Sales YoY % (_2011)], dim_customer[CustomerType] = ""Registered""
            ),
        ""Guest Only"", CALCULATE(
            [Sales YoY % (_2011)], dim_customer[CustomerType] = ""Guest""
        ), 
        [Sales YoY % (_2011)]
    )
RETURN
    _filterCondition";"0.0%;-0.0%;0.0%";False;1;2025-09-26 08:28:54,113;2025-09-26 08:28:53,426;;False;"";"_2011_Anchor\Sales\Time Intelligence";;"";;"d2867e94-e3b5-48fe-885e-bcb7a6e60816";""
216;40;"_slicer Sales YoY% CF";"";2;"
SWITCH(
    TRUE(),
    [_slicer - Sales YoY (_2011)] > 0, ""Green"",
    [_slicer - Sales YoY (_2011)] < 0, ""Red"",
    ""Grey"")";"";False;1;2025-09-26 08:28:54,113;2025-09-26 08:28:53,426;;False;"";"_2011_Anchor\Sales\Time Intelligence";;"";;"da820f1a-a62d-47a0-9928-44941c37ca6f";""
5426;40;"Business Gross Revenue YTD (_2011)";"";8;"
VAR _anchor = DATE(2011, MONTH(TODAY()), DAY(TODAY()))
RETURN
    CALCULATE(
        SUM(fact_transactions_classified[TotalValue]),
        fact_transactions_classified[TransactionCategory] IN {
            ""ValidSales"",
            ""Postage"",
            ""DCGSProducts"",
            ""TransportCost""
            },
        YEAR(fact_transactions_classified[Date]) = YEAR(_anchor),
        fact_transactions_classified[Date] <= _anchor
    )
";"""£""#,0.00;-""£""#,0.00;""£""#,0.00";False;1;2025-09-26 13:20:25,770;2025-09-26 09:04:54,536;;False;"";"_2011_Anchor\Sales\transactions_classified";;"";;"c0910f8c-21fa-458f-b7a4-ec8a62c6eb65";""
5433;40;"2. Anchor Date (2011SameMD) classified";"";9;"
VAR _aktualnyDzien = DATE(2011, MONTH(TODAY()), DAY(TODAY()))
VAR _maxDataClassified = 
    CALCULATE(
        MAX(fact_transactions_classified[Date]),
        FILTER(
            ALL(fact_transactions_classified),
            YEAR(fact_transactions_classified[Date]) = 2011)
    )
RETURN
    MIN(_aktualnyDzien, _maxDataClassified)
";"yyyy-mm-dd";False;1;2025-09-26 12:46:09,893;2025-09-26 09:22:23,746;;False;"";"_2011_Anchor\Sales\transactions_classified";;"";;"cab4a4f9-a740-4f66-ba12-b5d977af0bb7";""
5747;40;"Net Revenue per Product YTD (_2011)";"";8;"
VAR _anchor = [2. Anchor Date (2011SameMD) classified]
RETURN
    CALCULATE(
        SUM(fact_transactions_classified[TotalValue]),
        fact_transactions_classified[TransactionCategory] = ""ValidSales"" ,
        YEAR(fact_transactions_classified[Date]) = YEAR(_anchor),
        fact_transactions_classified[Date] <= _anchor
    )";"""£""#,0.00;-""£""#,0.00;""£""#,0.00";False;1;2025-09-30 09:56:16,940;2025-09-26 13:04:09,236;;False;"";"_2011_Anchor\Sales\transactions_classified";;"";;"e39b2b09-027e-4138-8d08-747a443401fb";""
5750;40;"Business Efficiency";"";8;"
    DIVIDE([Net Revenue per Product YTD (_2011)], [Business Gross Revenue YTD (_2011)])";"0.0%;-0.0%;0.0%";False;1;2025-09-30 09:56:16,976;2025-09-26 13:19:32,003;;False;"";"_2011_Anchor\Sales\transactions_classified";;"";;"cdd14670-3520-408d-9c19-eb414ee58518";""
5757;40;"Returns YTD (_2011)";"";8;"
VAR _anchor = [2. Anchor Date (2011SameMD) classified]
RETURN
    CALCULATE(
        SUM(fact_transactions_classified[TotalValue]),
        fact_transactions_classified[TransactionCategory] = ""Returns"" ,
        YEAR(fact_transactions_classified[Date]) = YEAR(_anchor),
        fact_transactions_classified[Date] <= _anchor
    )";"""£""#,0.0;-""£""#,0.0;""£""#,0.0";False;1;2025-09-27 18:05:06,923;2025-09-26 16:43:53,616;;False;"";"_2011_Anchor\Sales\transactions_classified";;"";;"41890455-6456-411e-9860-39bd66ef35c9";""
5760;40;"Return rate";"";8;"
    ABS( DIVIDE([Returns YTD (_2011)], [Net Revenue per Product YTD (_2011)], 0) )";"0.0%;-0.0%;0.0%";False;1;2025-09-30 09:56:16,976;2025-09-26 16:45:50,676;;False;"";"_2011_Anchor\Sales\transactions_classified";;"";;"9f39f66a-529d-478d-bde8-c4497a71edc1";""
5765;40;"Operations Quality Index (_2011)";"";8;"
VAR _anchor = [2. Anchor Date (2011SameMD) classified]
VAR _validTransactions = 
    CALCULATE(
        COUNTA(fact_transactions_classified[Invoice]),
        fact_transactions_classified[TransactionCategory] = ""ValidSales"",
        YEAR(fact_transactions_classified[Date]) = YEAR(_anchor),
        fact_transactions_classified[Date] <= _anchor
    )
VAR _qualityIssues = 
    CALCULATE(
        COUNTA(fact_transactions_classified[Invoice]),
        fact_transactions_classified[TransactionCategory] IN {
            ""DataError"",
            ""ManualAdjustment"",
            ""Unclassified""
        },
        YEAR(fact_transactions_classified[Date]) = YEAR(_anchor),
        fact_transactions_classified[Date] <= _anchor
    )
VAR _totalTransactions = _validTransactions + _qualityIssues
RETURN
    DIVIDE(_validTransactions, _totalTransactions, 1)";"0.0%;-0.0%;0.0%";False;1;2025-10-03 11:29:04,273;2025-09-27 17:51:34,916;;False;"";"_2011_Anchor\Sales\transactions_classified";;"";;"950f7cb5-397a-446f-a97a-532ed2e1ac02";""
5768;40;"Quality Cost Impact (_2011)";"";8;"
VAR _anchor = [2. Anchor Date (2011SameMD) classified]
RETURN
    CALCULATE(
        ABS(SUM(fact_transactions_classified[TotalValue])),
        fact_transactions_classified[TransactionCategory] IN {
            ""ManualAdjustment"",
            ""Unclassified""
        },
        YEAR(fact_transactions_classified[Date]) = YEAR(_anchor),
        fact_transactions_classified[Date] <= _anchor
    )";"""£""#,0.0;-""£""#,0.0;""£""#,0.0";False;1;2025-09-27 18:05:44,646;2025-09-27 17:58:24,526;;False;"";"_2011_Anchor\Sales\transactions_classified";;"";;"0bc331bb-6bfe-4284-ac31-70502f4d71bf";""
5775;40;"Efficiency Gap";"";2;"
 VAR _gap = [Business Efficiency] - .95
RETURN
    SWITCH(
        TRUE(),
        _gap > 0, UNICHAR(11165) & "" "" & FORMAT(_gap, ""0.0%""),
        _gap < 0, UNICHAR(11167) & "" "" & FORMAT(_gap, ""0.0%""),
        FORMAT(_gap, ""0.0%"")
        )
";"";False;1;2025-09-30 08:29:04,626;2025-09-29 11:03:57,950;;False;"";"_2011_Anchor\Sales\transactions_classified";;"";;"51b5cedb-cb39-4d41-a8e1-adfc4d8235f7";""
5778;40;"Efficiency Gap Formatted";"";2;"
VAR _gap = [Business Efficiency] - .95
RETURN
    SWITCH(
        TRUE(),
        _gap > 0, ""Green"",
        _gap < 0, ""Red"",
        ""Grey""
    )";"";False;1;2025-09-30 08:29:40,353;2025-09-29 10:48:42,826;;False;"";"_2011_Anchor\Sales\transactions_classified";;"";;"ff7f5563-a37a-48f6-a842-3e24d513ba87";""
6341;40;"Classified Total Value";"";8;"SUM(fact_transactions_classified[TotalValue])";"";False;1;2025-10-03 11:31:28,470;2025-09-30 09:47:17,696;;False;"";"_2011_Anchor\Sales\transactions_classified";;"";;"554f7c80-4e00-4d65-9adc-6e1b36679bad";""
6344;40;"Product Transaction Volume (classified) YTD (_2011)";"";6;"
VAR _anchor = [2. Anchor Date (2011SameMD) classified]
RETURN
    CALCULATE(
        COUNTA(fact_transactions_classified[StockCode]),
        fact_transactions_classified[TransactionCategory] = ""ValidSales"" ,
        YEAR(fact_transactions_classified[Date]) = YEAR(_anchor),
        fact_transactions_classified[Date] <= _anchor
    )";"0";False;1;2025-10-01 11:51:35,286;2025-09-30 09:56:47,876;;False;"";"_2011_Anchor\Sales\transactions_classified";;"";;"ba468319-c04c-460c-87cd-1e839cb230b5";""
6346;40;"Product AOV (classified) YTD (_2011)";"";8;"
    DIVIDE([Net Revenue per Product YTD (_2011)], [Product Transaction Volume (classified) YTD (_2011)], 0)";"""£""#,0.00;-""£""#,0.00;""£""#,0.00";False;1;2025-10-01 11:51:18,666;2025-09-30 09:57:55,866;;False;"";"_2011_Anchor\Sales\transactions_classified";;"";;"31df0272-51d0-49d8-b31f-99f0babb3ba0";""
6349;40;"Product Revenue Rank (classified) YTD (_2011)";"";6;"
    RANKX(
        ALL(fact_transactions_classified[StockCode]),
        [Net Revenue per Product YTD (_2011)],
        ,DESC
        ,Dense
    )";"0";False;1;2025-10-01 11:51:32,200;2025-09-30 09:58:57,060;;False;"";"_2011_Anchor\Sales\transactions_classified";;"";;"1a6ec4e3-830b-4f9e-9e38-5459e18cca53";""
8921;40;"Product Performance Tier Colors (classified) YTD (_2011)";"";2;"
VAR _revenue = [Net Revenue per Product YTD (_2011)]
VAR _volume = [Product Transaction Volume (classified) YTD (_2011)]
VAR _highRevenue = _revenue >= 20000
VAR _highVolume = _volume >= 600
RETURN 
    SWITCH(
        TRUE(),
        _highRevenue && _highVolume, ""#1f7a1f"",         -- stars
        _highRevenue && NOT(_highVolume), ""#1f4e79"",    -- premium
        NOT(_highRevenue) && _highVolume, ""#d67e00"",    -- volume
        ""#767676""
    )";"";False;1;2025-10-01 12:02:04,190;2025-09-30 12:55:32,866;;False;"";"_2011_Anchor\Sales\transactions_classified";;"";;"39fa1629-5c4a-45ed-b8e1-9035fc05a05d";""
8924;40;"Net Revenue Bars";"";8;"[Net Revenue per Product YTD (_2011)]";"";False;1;2025-10-01 11:51:11,166;2025-10-01 10:28:43,813;;False;"";"_2011_Anchor\Sales\transactions_classified";;"";;"ff0e037f-871c-4176-aff8-638ca9132d6c";""
8927;40;"Transparent color";"";2;"""#FFFFFF00""";"";False;1;2025-10-01 10:34:04,066;2025-10-01 10:32:52,870;;False;"";"";;"";;"9931f01b-042c-4fc4-9eab-7c6f19335e50";""
8931;40;"Return rate CF color";"";2;"
SWITCH(
    TRUE(),
    [Return rate] > .05, ""Red"",
    [Return rate] > .02, ""Orange"",
    ""#333333"")";"";False;1;2025-10-01 11:50:21,500;2025-10-01 10:47:46,690;;False;"";"_2011_Anchor\Sales\transactions_classified";;"";;"ed14f3e5-88be-419f-9d12-72378f0fa425";""
8936;40;"Product Volume vs AOV Tier Colors (classified) YTD (_2011)";"";2;"
VAR _aov = [Product AOV (classified) YTD (_2011)]
VAR _volume = [Product Transaction Volume (classified) YTD (_2011)]
VAR _highAOV = _aov >= 50
VAR _highVolume = _volume >= 600
RETURN 
    SWITCH(
        TRUE(),
        _highAOV && _highVolume, ""#1f7a1f"",         -- green    -- Premium Mass Market
        _highAOV && NOT(_highVolume), ""#1f4e79"",    -- blue     -- Niche Premium
        NOT(_highAOV) && _highVolume, ""#d67e00"",    -- orange   -- Volume Leaders
        ""#767676""                                   -- grey     -- Evaluate
    )";"";False;1;2025-10-03 11:31:32,116;2025-10-01 12:03:00,540;;False;"";"_2011_Anchor\Sales\transactions_classified";;"";;"8d11778f-0aa4-4180-86f5-9e5b9b932b38";""
5429;43;"Measure";"";6;"";"";False;1;2025-09-26 09:21:56,813;2025-09-26 09:21:56,710;;False;"";"";;"";;"990a416c-c134-4a8e-ba50-b1b5c35ac0ec";""
